{"cameraMode":{"drawMode":0,"name":"Shaded","section":"Shading Mode"},"sceneLighting":true,"audioPlay":false,"sceneViewState":{"showFog":true,"showMaterialUpdate":false,"showSkybox":true,"showFlares":true,"showImageEffects":true,"showParticleSystems":true},"in2DMode":false,"pivot":{"x":-65.5382080078125,"y":-116.5316162109375,"z":1205.8564453125},"rotation":{"x":-0.19553734362125398,"y":0.7241833209991455,"z":-0.2276950478553772,"w":-0.6209880709648132},"size":1658.0010986328125,"orthographic":false}