{"cameraMode":{"drawMode":0,"name":"Shaded","section":"Shading Mode"},"sceneLighting":false,"audioPlay":false,"sceneViewState":{"showFog":true,"showMaterialUpdate":false,"showSkybox":false,"showFlares":true,"showImageEffects":true,"showParticleSystems":true},"in2DMode":false,"pivot":{"x":0.000003814697265625,"y":-3.07374906539917,"z":774.631591796875},"rotation":{"x":0.025261428207159044,"y":0.9745761752128601,"z":-0.1491095870733261,"w":0.16560028493404389},"size":223.93504333496095,"orthographic":false}