{"cameraMode":{"drawMode":0,"name":"Shaded","section":"Shading Mode"},"sceneLighting":true,"audioPlay":false,"sceneViewState":{"showFog":true,"showMaterialUpdate":false,"showSkybox":true,"showFlares":true,"showImageEffects":true,"showParticleSystems":true},"in2DMode":false,"pivot":{"x":-13.899639129638672,"y":-2.9388904571533205,"z":-6.749582290649414},"rotation":{"x":0.125804141163826,"y":-0.8278080821037293,"z":0.20547062158584596,"w":0.5067206025123596},"size":26.658859252929689,"orthographic":false}