{"cameraMode":{"drawMode":0,"name":"Shaded","section":"Shading Mode"},"sceneLighting":false,"audioPlay":false,"sceneViewState":{"showFog":true,"showMaterialUpdate":false,"showSkybox":false,"showFlares":true,"showImageEffects":true,"showParticleSystems":true},"in2DMode":false,"pivot":{"x":167.87014770507813,"y":309.9696960449219,"z":36.4241943359375},"rotation":{"x":0.05426540970802307,"y":-0.7422248721122742,"z":0.060436323285102847,"w":0.6652788519859314},"size":1708.1976318359375,"orthographic":false}