{"cameraMode":{"drawMode":0,"name":"Shaded","section":"Shading Mode"},"sceneLighting":true,"audioPlay":false,"sceneViewState":{"showFog":true,"showMaterialUpdate":false,"showSkybox":true,"showFlares":true,"showImageEffects":true,"showParticleSystems":true},"in2DMode":false,"pivot":{"x":-26.932140350341798,"y":-86.63221740722656,"z":-148.3498077392578},"rotation":{"x":-0.034010112285614017,"y":-0.9525701403617859,"z":0.27940288186073305,"w":-0.11603420972824097},"size":243.6732635498047,"orthographic":false}