{"cameraMode":{"drawMode":0,"name":"Shaded","section":"Shading Mode"},"sceneLighting":true,"audioPlay":false,"sceneViewState":{"showFog":true,"showMaterialUpdate":false,"showSkybox":true,"showFlares":true,"showImageEffects":true,"showParticleSystems":true},"in2DMode":false,"pivot":{"x":-55.42719268798828,"y":187.70742797851563,"z":888.2661743164063},"rotation":{"x":0.3210486173629761,"y":-0.2541999816894531,"z":0.08988877385854721,"w":0.9078832864761353},"size":960.8843994140625,"orthographic":false}