{"cameraMode":{"drawMode":0,"name":"Shaded","section":"Shading Mode"},"sceneLighting":false,"audioPlay":false,"sceneViewState":{"showFog":true,"showMaterialUpdate":false,"showSkybox":false,"showFlares":true,"showImageEffects":true,"showParticleSystems":true},"in2DMode":false,"pivot":{"x":142.0155029296875,"y":1085.3863525390625,"z":418.3795166015625},"rotation":{"x":0.018818583339452745,"y":0.6065574288368225,"z":0.014388935640454293,"w":-0.794763445854187},"size":1726.73046875,"orthographic":false}