{"cameraMode":{"drawMode":0,"name":"Shaded","section":"Shading Mode"},"sceneLighting":true,"audioPlay":false,"sceneViewState":{"showFog":true,"showMaterialUpdate":false,"showSkybox":true,"showFlares":true,"showImageEffects":true,"showParticleSystems":true},"in2DMode":false,"pivot":{"x":152.38807678222657,"y":-89.80555725097656,"z":1770.8260498046875},"rotation":{"x":-0.14591218531131745,"y":0.8538526892662048,"z":-0.3663356602191925,"w":-0.3399316966533661},"size":1552.9462890625,"orthographic":false}