{"cameraMode":{"drawMode":0,"name":"Shaded","section":"Shading Mode"},"sceneLighting":false,"audioPlay":false,"sceneViewState":{"showFog":true,"showMaterialUpdate":false,"showSkybox":false,"showFlares":true,"showImageEffects":true,"showParticleSystems":true},"in2DMode":false,"pivot":{"x":203.9505157470703,"y":32.44691467285156,"z":38.760318756103519},"rotation":{"x":-0.0037009152583777906,"y":0.9859408736228943,"z":-0.16600549221038819,"w":-0.021588962525129319},"size":139.5370635986328,"orthographic":false}