{"cameraMode":{"drawMode":0,"name":"Shaded","section":"Shading Mode"},"sceneLighting":true,"audioPlay":false,"sceneViewState":{"showFog":true,"showMaterialUpdate":false,"showSkybox":true,"showFlares":true,"showImageEffects":true,"showParticleSystems":true},"in2DMode":false,"pivot":{"x":-15.173107147216797,"y":-5.258434295654297,"z":42.98569107055664},"rotation":{"x":0.125804141163826,"y":-0.8278080821037293,"z":0.20547062158584596,"w":0.5067206025123596},"size":107.70793914794922,"orthographic":false}