{"cameraMode":{"drawMode":0,"name":"Shaded","section":"Shading Mode"},"sceneLighting":false,"audioPlay":false,"sceneViewState":{"showFog":true,"showMaterialUpdate":false,"showSkybox":false,"showFlares":true,"showImageEffects":true,"showParticleSystems":true},"in2DMode":false,"pivot":{"x":-54.097984313964847,"y":-31.252182006835939,"z":419.67138671875},"rotation":{"x":-0.2398267686367035,"y":0.3464113771915436,"z":-0.09208225458860398,"w":-0.9022222757339478},"size":504.7337341308594,"orthographic":false}