{"cameraMode":{"drawMode":0,"name":"Shaded","section":"Shading Mode"},"sceneLighting":false,"audioPlay":false,"sceneViewState":{"showFog":true,"showMaterialUpdate":false,"showSkybox":false,"showFlares":true,"showImageEffects":true,"showParticleSystems":true},"in2DMode":false,"pivot":{"x":0.24979400634765626,"y":29.974660873413087,"z":-0.4543647766113281},"rotation":{"x":0.26183757185935976,"y":-0.4858023524284363,"z":0.15524788200855256,"w":0.8193559646606445},"size":172.67306518554688,"orthographic":false}