{"cameraMode":{"drawMode":0,"name":"Shaded","section":"Shading Mode"},"sceneLighting":true,"audioPlay":false,"sceneViewState":{"showFog":true,"showMaterialUpdate":false,"showSkybox":true,"showFlares":true,"showImageEffects":true,"showParticleSystems":true},"in2DMode":false,"pivot":{"x":444.11383056640627,"y":258.40533447265627,"z":490.5306396484375},"rotation":{"x":-0.1321534812450409,"y":0.46496903896331789,"z":-0.07042018324136734,"w":-0.8725734949111939},"size":944.5350952148438,"orthographic":false}